﻿<?xml version="1.0" encoding="UTF-8"?>
<!DOCTYPE vols SYSTEM "vols.dtd">

<vols>

    <vol isbn="I01">
        <ref>34</ref>
        <nom>TURKISH AIRLINES (Iberia)</nom>
        <ciutat>Turkia</ciutat>
        <preu>150</preu>
        <imatge>TURKISH AIRLINES.jpg</imatge>
    </vol>

    <vol isbn="I02">
        <ref>35</ref>
        <nom>AEROFLOT (Iberia)</nom>
        <ciutat>Russia</ciutat>
        <preu>60</preu>
        <imatge>AEROFLOT.jpg</imatge>
    </vol>

    <vol isbn="I03">
        <ref>36</ref>
        <nom>EMIRATES (Iberia)</nom>
        <ciutat>United Arab Emirates</ciutat>
        <preu>250</preu>
        <imatge>EMIRATES.jpg</imatge>
    </vol>

    <vol isbn="I04">
        <ref>37</ref>
        <nom>AIR EUROPA (Iberia)</nom>
        <ciutat>Espanya</ciutat>
        <preu>130</preu>
        <imatge>AIR EUROPA.jpg</imatge>
    </vol>

    <vol isbn="I05">
        <ref>38</ref>
        <nom>NORWEGIAN (United)</nom>
        <ciutat>Noruega</ciutat>
        <preu>75</preu>
        <imatge>NORWEGIAN.jpg</imatge>
    </vol>

    <vol isbn="I06">
        <ref>39</ref>
        <nom>S7 AIRLINES (United)</nom>
        <ciutat>Russia</ciutat>
        <preu>210</preu>
        <imatge>S7 AIRLINES.jpg</imatge>
    </vol>

    <vol isbn="I07">
        <ref>40</ref>
        <nom>JET2 (United)</nom>
        <ciutat>United Kingdom</ciutat>
        <preu>300</preu>
        <imatge>JET2.jpg</imatge>
    </vol>

    <vol isbn="I08">
        <ref>41</ref>
        <nom>AEROMEXICO (United)</nom>
        <ciutat>Mexico</ciutat>
        <preu>80</preu>
        <imatge>AEROMEXICO.jpg</imatge>
    </vol>

    <vol isbn="I09">
        <ref>42</ref>
        <nom>ETIHAD AIRWAYS (Austrian Airlines)</nom>
        <ciutat>United Arab Emirates</ciutat>
        <preu>750</preu>
        <imatge>ETIHAD AIRWAYS.jpg</imatge>
    </vol>

</vols>
